1,National Economic and Development Authority Region VI
2,DPWH REGIONAL OFFICE IV-B
6,Philippine Science High School - Central Mindanao Campus
8,BAC-SEC SARANGANI
9,Philippine Rice Research Institute
10,Philippine Science High School Southern Mindanao Campus
11,CITY GOVERNMENT OF CABUYAO
12,"Local Government Unit of Gamu, Isabela"
13,LGU TANGUB
14,"LGU-San Antonio,Quezon"
16,Philippine Science High School-Central Mindanao Campus
17,"MUNICIPALITY OF TIAONG, QUEZON"
19,"LOCAL GOVERNMENT OF MARIA AURORA, AURORA"
20,LGU MUNICIPALITY OF MACABEBE
21,MUNICIPALITY OF CARAGA
23,"MUNICIPALITY OF TIAONG, QUEZON"
24,LGU-TUKURAN
25,Development Academy of the Philippines
26,"LGU Sta. Barbara, Pangasinan"
27,"LGU-San Isidro, Bohol"
28,"Municipal Government of San Antonio, Zambales"
29,MUNICIPALITY OF SAN MARCELINO
30,Philippine Rice Research Institute
34,Philippine Science High School-Eastern Visayas Campus
35,Philippine Rice Research Institute
36,Department of Trade and Industry - Strategic Trade Management Office
37,Jose B. Lingad Memorial General Hospital
38,National Development Company
39,National Economic and Development Authority - Caraga
40,Philippine Science High School-Zamboanga Region Campus
41,Department of Energy
42,Department of Health
43,National Economic and Development Authority
44,Department of Health
45,Government Procurement Policy Board - Technical Support Office
49,PHILIPPINE SCIENCE HIGH SCHOOL - ILOCOS REGION CAMPUS
50,MUNICIPAL GOVERNMENT OF SUAL
51,Department of Information and Communications Technology - Mindanao Cluster 1
52,Municipality of Sibonga
53,DEPARTMENT OF LABOR AND EMPLOYMENT - 9
54,PHILIPPINE SCIENCE HIGH SCHOOL - MIMAROPA REGION CAMPUS (PSHS-MRC)
55,National Development Company
56,Department of Health
57,Department of Public Works and Highways
58,National Economic and Development Authority
59,Department of Trade and Industry - Main
95,Municipality of Guimba
96,"MUNICIPALITY OF SAN JOSE, TARLAC"
97,COMMISSION ON AUDIT - REGIONAL OFFICE NO. IX
98,"LOCAL GOVERNMENT OF SAN LUIS, AURORA"
99,LGULabanganZDS
100,DPWH Palawan 1st District Engineering Office
101,Fourmatic Solutions Trading
102,Philippine Coconut Authority Caraga
104,DPWH PALAWAN 1ST DEO
105,"LGU Sta. Barbara, Pangasinan"
106,MUNICIPAL GOVERNMENT OF SAN JOSE BATANGAS
107,Philippine Coconut Authority Region XIV-BARMM
108,Philippine Science High School- Caraga Region Campus
109,Department of Foreign Affairs
110,Department of Science and Technology Region 02
111,DOST-NCR
112,Philippine Economic Zone Authority - Mactan Economic Zone
113,Philippine Rice Research Institute
114,MUNICIPALITY OF HERMOSA
115,Department of Tourism
126,Department of Public Works and Highways - Upper Kalinga District Engineering Office
127,LGU-ANTEQUERA(LILIOSO M. NUNAG-HOPE)
128,Municipality of Alaminos Laguna
129,LGU-Guiuan
130,"PHILIPPINE VETERANS AFFAIRS OFFICE, DND (PVAO)"
131,LGU Hinatuan
132,Philippine Veterans Affairs Office
133,"Municipality of San Jose, Occidental Mindoro"
134,MUNICIPAL GOVERNMENT OF MARAMAG
135,Local Government Unit of Iriga City
136,LGU - Mariveles
137,"Local Government Unit of Rizal, Laguna"
138,LUNG CENTER OF THE PHILIPPINES
139,Agricultural Training Institute
140,Civil Service Commission Regional Office No. III
141,"LGU-BANGUINGUI, SULU"
142,Municipality of Balindong
144,MUNICIPALITY OF BINMALEY
145,"MUNICIPALITY OF MAGALANG, PAMPANGA"
146,CENTRAL LUZON STATE UNIVERSITY
147,"Local Government Unit of Cordon, Isabela"
148,"Local Government Unit - Santa Rosa, Nueva Ecija"
150,"Municipality of Camalig, Albay"
151,DPWH-Mindoro Occidental District Enginering Office
152,City Government of Taguig
153,Local Government Unit of Buug
154,LGU PAYAO
155,"LOCAL GOVERNMENT OF SAN LUIS, AURORA"
156,MUNICIPAL GOVERNMENT OF BALER
157,LGU SAN ISIDRO
158,"LGU-SAN ILDEFONSO,ILOCOS SUR"
159,LGU - Sergio Osme\\u00c3\\u00b1a
160,"LGU-SAN ILDEFONSO,ILOCOS SUR"
161,City Government of Trece Martires
162,"LGU-SAN ILDEFONSO,ILOCOS SUR"
163,Talavera General Hospital
164,"LGU- Aguinaldo, Ifugao"
165,LGU- Mangaldan
166,MUNICIPALITY OF BACO
167,LOCAL GOVERNMENT UNIT OF TAMBULIG
168,Municipal Government of Pagalungan
169,LGU DATU PAGLAS
170,"MUNICIPALITY OF SUYO, ILOCOS SUR"
171,"MUNICIPALITY OF SUYO, ILOCOS SUR"
172,Local Government Unit of the Island Garden City of Samal
173,MUNICIPALITY OF BACO
174,Provincial Government of La Union
175,"MUNICIPALITY OF CORELLA, BOHOL"
176,"Municipality of Bantayan, Cebu"
177,"LOCAL GOVERNMENT OF SAN LUIS, AURORA"
178,LGU Tagbilaran City
179,LGU Tagbilaran City
180,SRPPF Bureau of Corrections
181,LGU Guihulngan City
182,MUNICIPALITY OF BINMALEY
183,Commission on Audit RO7
184,LGU-Mandaue
185,LOCAL GOVERNMENT UNIT - KUMALARANG
186,Department of Public Works and Highways - Marinduque DEO
187,"LGU-NAAWAN, MISAMIS ORIENTAL"
188,Provincial Government of Apayao
189,DPWH Region IV-B
190,Novus Avenir Pharmaceuticals
191,CONCEPCION WATER DISTRICT
192,LGU Bagac
193,Philippine Science High School System Office of the Executive Director
194,"Xtreme Works, Inc."
195,"LGU-SAN ILDEFONSO,ILOCOS SUR"
196,LGU-Mabinay
197,LGU-Mabinay
198,Bureau of Fire Protection Caraga Region
199,Municipality of Alabat
200,Municipality of Alabat
201,Bureau of Quarantine
202,DPWH - Mindoro Oriental DEO
203,DPWH - Mindoro Oriental District Engineering Office
204,DPWH - Mindoro Oriental DEO
205,Capiz Provincial Government
206,DPWH Regional Office IX
207,Department of Public Works and Highways - Marinduque DEO
208,Local Government Unit of Irosin
209,"MUNICIPALITY OF MATAASNAKAHOY, BATANGAS"
210,CITY GOVERNMENT OF MATI
211,DPWH RIZAL 1 District Engineering Office
212,LGU Tagum City
213,Department of Public Works and Highways - Southern Mindoro DEO
214,DPWH - North Manila District Engineering Office
215,DPWH - Palawan 2nd District Engineering Office
216,Civil Aviation Authority of the Philippines - Area V
217,DPWH Regional Office III
218,BAYAWAN WATER DISTRICT
219,LGU-CARCAR CITY
220,Department of Public Works and Highways - Southern Mindoro DEO
221,City of Bogo
222,Department of Public Works and Highway - Romblon
223,Department of Public Works and Highway - Romblon
224,DPWH PALAWAN 3RD DEO
225,DPWH PALAWAN 3RD DEO
226,Philippinne Deposit Insurance Corporation
227,Philippine Crop Insurance Corporation
228,CAGAYAN VALLEY MEDICAL CENTER
229,Philippine Deposit Insurance Corporation
230,LGU - Pitogo
231,National Fire Training Institute
232,NATIONAL ECONOMIC AND DEVELOPMENT AUTHORITY-CAR
233,DPWH - North Manila District Engineering Office
234,Insurance Commission
235,MUNICIPALITY OF BADIAN
236,MUNICIPALITY OF TALAINGOD/LGU TALAINGOD
237,PROVINCIAL GOVERNMENT OF AURORA
238,LGU Perez Quezon
239,Rizal Provincial Government
240,LGU Perez Quezon
241,"Municipality of Carmen, Agusan del  Norte"
242,"MUNICIPALITY OF PINILI, ILOCOS NORTE"
243,DPWH Regional Office VIII
244,"City Government of Santa Rosa, Laguna"
245,Municipality of Hagonoy
246,"City Government of Santa Rosa, Laguna"
247,Municipality of Norzagaray Bulacan
248,DPWH-Palawan 2nd District Engineering Office
249,National Economic and Development Authority RO1
250,"MUNICIPALITY OF ALFONSO, CAVITE BAC"
251,Cagayan Valley Medical Center
252,National Food Authority - Central Luzon Regional Office
253,Municipality of Naujan
254,Benguet General Hospital
255,"LGU - Tagkawayan, Quezon"
256,"LOCAL GOVERNMENT UNIT OF PI\\u00c3\\u2018AN, ZN"
257,AVALON DIAGNOSTIC CENTER
258,DepEd Marinduque
259,Municipality of Naujan
260,Department of Labor and Employment
261,Philippine Science High School - SOCCSKSARGEN Region Campus
262,LGU-Remedios T. Romualdez
263,"LOCAL GOVERNMENT UNIT OF PI\\u00c3\\u2018AN, ZN"
264,Bicol Medical Center
265,"LOCAL GOVERNMENT UNIT OF SANTA MAGDALENA, SORSOGON"
266,BICOL MEDICAL CENTER
267,"Local Government Unit of Hagonoy, Davao del Sur"
268,Southern Philippines Medical Center
269,PROVINCIAL GOVERNMENT OF AURORA
270,"Local Government of Pitogo, Zamboanga del Sur"
271,"Local Government Unit-Morong, Bataan"
272,Department of Health - Metro Manila - Center for Health Development
273,LOCAL GOVERNMENT UNIT OF ALAMADA
274,DPWH REGIONAL OFFICE 3
275,Talisay District Hospital
276,Civil Service Commission Regional Office No. 8
277,Department of Social Welfare and Development - Caraga
278,"LGU, Calanasan, Apayao"
279,"Municipality of Paete, Laguna"
280,Local Government Unit of Dapa
281,Local Government Unit of Dapa
282,"PEOPLE\'S TELEVISION NETWORK, INC."
283,"Municipal Government of Tulunan, Cotabato"
284,MUNICIPALITY OF ALOGUINSAN
285,"LGU-Javier, Leyte"
286,Jose R. Reyes Memorial Medical Center
287,Philippine Council for Health Research and Development
288,PROVINCIAL GOVERNMENT OF AURORA
289,PROVINCIAL GOVERNMENT OF AURORA
290,LGU-Hagonoy
291,National Economic and Development Authority - Regional Office X
292,National Economic and Development Authority Regional Office VII
293,"Philippine Coconut Authority Regions I, II, III & IVB"
294,CIVIL SERVICE COMMISSION REGIONAL OFFICE VI
295,LGU - Dimataling
296,"Municipality of Tanay, Rizal"
297,PLGU QUIRINO
298,"LGU-STA.MAGDALENA,SORSOGON"
299,Bureau of Corrections-Sablayan Prison and Penal Farm
300,Municipal Government of Carmona
301,Department of the Interior and Local Government- Central Office
302,Department of the Interior and Local Government - Central Office
303,"Local Government of Gumaca, Quezon"
304,Department of Health Center for Health Development
305,MABALACAT CITY GOVERNMENT
306,DPWH_Regional Office7
307,DEPARTMENT OF AGRARIAN REFORM - MASBATE
308,Government Procurement Policy Board - Technical Support Office
309,PLGU QUIRINO
310,LGU Tagum City
311,CLMMRH
312,Provincial Government of Bataan
313,Philippine Reclamation Authority
314,"LOCAL GOVERNMENT UNIT OF JUBAN, SORSOGON"
315,"MUNICIPALITY OF PAKIL, LAGUNA"
316,LOCAL GOVERNMENT UNIT-SAN DIONISIO
317,Local Government Unit of Cabanatuan City
318,Barangay Poblacion Alto
319,"LGU- San Nicolas, Batangas"
320,"Municipality of Gumaca, Quezon"
321,Municipal Government of Carmona
322,Municipal Government of Carmona
323,Bangko Sentral ng Pilipinas La Union Regional Office
324,PAROLE AND PROBATION ADMINISTRATION REGION IV-A
325,Government Procurement Policy Board - Technical Support Office
326,Department of Public Works and Highways
327,DPWH CENTRAL OFFICE
328,DEPARTMENT OF SCIENCE AND TECHNOLOGY RO9
329,"MUNICIPALITY OF NABUNTURAN, COMPOSTELA VALLEY"
330,Municipality of Bantay
331,LGU-MOALBOAL
332,Department of Health Central Visayas Center for Health Development
333,"Local Government Unit - Mabitac, Laguna"
334,"MUNICIPALITY OF NABUNTURAN, COMPOSTELA VALLEY"
335,NEDA-RO1
336,LGU_Dipaculao
337,Municipality of Dipaculao Aurora
338,City Government of Valenzuela
339,LGU TOBIAS FORNIER
340,Department of Agriculture Western Visayas
341,Bangko Sentral ng Pilipinas La Union Regional Office
342,"LGU, Remedios T. Romualdez, Agusan del Norte"
343,"LGU - CITY OF NAGA, CEBU"
344,Municipal Government of Nagcarlan
345,West Visayas State Univesity
346,"APO Production Unit, Inc."
347,"Local Government Unit of Catmon, Cebu"
348,"Local Government Unit, Caramoran, Catanduanes"
349,LGU POLANCO
350,Local Government Unit of San Manuel Tarlac
351,LGU MARIPIPI
352,DPWH - Pampanga 1st DEO
353,MUNICIPALITY OF MARCOS ILOCOS NORTE
354,SAMAR STATE UNIVERSITY
355,Department of Agriculture RFO 5
356,Municipality of Kalawit
357,Municipality of Quezon
358,Provincial Government of Batangas
359,City Government of Bi\\u00c3\\u00b1an
360,Department of Public Works and Highways - Zambales 2nd DEO
361,Department of Public Works and Highways- Zambales 2nd DEO
362,LOCAL GOVERNMENT UNIT OF ALAMADA
363,"Municipality of Dingle, Iloilo"
364,LOCAL GOVERNMENT OF BAKUN
365,LGU OZAMIZ CITY
366,Jorome
367,Municipality of Balete
368,Local Government Unit of Aleosan
369,The Provincial Government of Catanduanes
370,"LGU Loreto,Agusan del Sur"
371,PhilRice Los Ba\\u00c3\\u00b1os
372,"LGU San Juan, Siquijor"
373,"LOCAL GOVERNMENT UNIT-CATANAUAN, QUEZON"
374,lgu
375,"Municipal Government of Calatagan, Batangas"
376,LOCAL GOVERNMENT UNIT OF BAKUN
377,LGU Binangonan
378,LGU-Guiuan
379,"MUNICIPALITY OF SALCEDO, ILOCOS SUR"
380,MO-BAC
381,"LOCAL GOVERNMENT UNIT - SOMINOT, ZDS"
382,PAROLE AND PROBATION ADMINISTRATION REGION IV-A
383,"Municipality of Bauan, Batangas"
384,BJMPRO-NCR
385,DEPARTMENT OF PUBLIC WORKS AND HIGHWAYS - BATANGAS IV DEO
386,"Local Government Unit of Diadi,Nueva Vizcaya"
387,"LGU-Gregorio del Pilar, Ilocos Sur"
388,Authority of the Freeport Area of Bataan
389,"LGU San Juan, Siquijor"
390,"Local Government Unit of Sudipen, La Union"
391,Bangko Sentral ng Pilipinas Tuguegarao Branch
392,DEPARTMENT OF SOCIAL WELFARE AND DEVELOPMENT FO V
393,Authority of the Freeport Area of Bataan
394,City Government of Baguio
395,Municipality of Alimodian
396,Local Government Unit of Oton
397,PLGU Benguet
398,Department of Agrarian Reform - Camarines Sur II
399,MUNICIPAL GOVERNMENT OF CULABA
400,Department of Science and Technology Regional Office 1
401,"MLGU-Kawayan, Biliran"
402,MUNICIPALITY OF LAUA-AN
403,"LGU Josefina, Zamboanga del Sur"
404,DEPARTMENT OF AGRICULTURE REGIONAL FIELD OFFICE 1
405,Energy Regulatory Commission
406,ILOCOS TRAINING AND REGIONAL AND MEDICAL CENTER
407,LGU - Vallehermoso
408,LGU-Pinamalayan
409,LGU SIGAY
410,Department of Agriculture - Central Office
411,Department of Agriculture - Central Office
412,MUNICIPALITY OF BILIRAN
413,PHILIPPINE FISHERIES DEVELOPMENT AUTHORITY-GENERAL SANTOS FISH PORT COMPLEX
414,GOVERNOR CELESTINO GALLARES MEMORIAL HOSPITAL
415,LGU Banate
416,MUNICIPALITY OF BANATE
417,Local Government Unit of Dapa
418,LGU KIBUNGAN BAC
419,LGU GENERAL LUNA
420,"Municipality of Valencia, Bohol"
421,"LGU-Sinait, Ilocos Sur"
422,"LGU-Rosales, Pangasinan"
423,Department of Transportation
424,Municipality of San Teodoro
425,LGU LA LIBERTAD ZDN
426,WESTERN MINDANAO STATE UNIVERSITY
427,City Government of Butuan
428,LGU LA LIBERTAD
429,CENTER FOR HEALTH DEVELOPMENT - REGION VI
430,National Irrigation Administration - Central Office
431,Municipality of Asturias
432,Municipality of Kalibo
433,Department of Transportation
434,Department of Transportation
435,City Government of Antipolo
436,Barangay Western Bicutan
437,University of the Philippines Los Ba\\u00c3\\u00b1os
438,"Local Government Unit of Titay, Zamboanga Sibugay"
439,LGU BALAMBAN
440,LOCAL GOVERNMENT UNIT OF TITAY
441,DPWH BATANGAS I DISTRICT ENGINEERING OFFICE
442,DEPARTMENT OF SOCIAL WELFARE AND DEVELOPMENT FIELD OFFICE VII
443,CITY GOVERNMENT OF VIGAN
444,Local Government Unit of Sapian
445,University of the Philippines Los Ba\\u00c3\\u00b1os
446,LOCAL GOVERNMENT UNIT OF TITAY
447,lipa city government
448,"LGU-MABINI, BATANGAS"
449,CITY GOVERNMENT OF VIGAN
450,DPWH BATANGAS I DISTRICT ENGINEERING OFFICE
451,"Municipality of Wao, Lanao del Sur"
452,LGU DAPA
453,LGU-Bayambang
454,Hon. Barry Y. Baguio
455,PHILIPPINE CARABAO CENTER
456,CAMARINES NORTE STATE COLLEGE
457,"Municipality of Kapatagan, Province of Lanao del Norte"
458,LGU DAGUPAN CITY
459,WEST VISAYAS STATE UNIVERSITY MEDICAL CENTER - REGION VI (WVSUMC)
460,Province of Antique
461,Municipality of Kalibo
462,"Municipal Government of Compostela, Cebu"
463,PROVINCE OF ANTIQUE
464,lipa city government
465,Land Transportation Office - Central Office
466,LGU -SANTA CRUZ LAGUNA
467,Metropolitan Cebu Water District
468,Local Government Unit - Canlaon City
469,"LGU-Labo, Camarines Norte"
470,PRC Lucena Regional Office
471,PRC MIMAROPA REGIONAL OFFICE
472,Department of Agrarian Reform Camarines Sur 1
473,PRC MIMAROPA REGIONAL OFFICE
474,PRC MIMAROPA REGIONALOFFICE
475,Municipality of Agoncillo
476,LGU-Bayambang
477,LGU-Maasin City
478,Department of Science and Technology - CARAGA
479,"Municipal Government of Angono, Rizal"
480,Roxas City Government
481,"LGU Casiguran, Aurora"
482,"LGU-ROSARIO, LA UNION"
483,LGU CALASIAO PANGASINAN
484,"LGU - Jamindan, Capiz"
485,"Departement of Environment and Natural Resources Region V, Regional Office"
486,"MUNICIPALITY OF PANGLAO, BOHOL"
487,"Local Government Unit of Tampilisan, Zamboanga del Norte"
488,Purchase of Rice for the Indigent Families
489,"Municipality of Wao, Lanao del Sur"
490,LGU- San Miguel Bulacan
491,Municipality of Santo Tomas Pangasinan
492,"Local Government Unit of Casiguran, Aurora"
493,"Municipality of Janiuay, Province of Iloilo"
494,MUNICIPAL GOVERNMENT OF BATAN
495,"LOCAL GOVERNMENT UNIT-DEL GALLEGO, CAMARINES SUR"
496,DAR-PALAWAN
497,CAMARINES NORTE STATE COLLEGE
498,LGU-Santa Ignacia Tarlac
499,AMANG RODRIGUEZ MEMORIAL MEDICAL CENTER
500,CITY GOVERNMENT OF CABADBARAN
501,LGU ALABEL
502,Government Service Insurance System
503,City Government of Tacurong
504,City Government of Tacurong
505,Municipality of Calinog
506,Government Service Insurance System
507,LGU SIGAY
508,LGU- Pres.M.A Roxas
509,LOCAL  GOVERNMENT  UNIT  OF  PARACALE
510,Zamboanga City Medical Center
511,LGU Catarman
512,LGU Catarman
513,Zamboanga City Medical Center
514,Tarlac State University
515,"Local Government Unit of Brooke\'s Point, Palawan"
516,Philippine Pharma Procurement Inc.
517,"Food Terminal, Inc."
518,PHILIPPINE INTERNATIONAL TRADING CORPORATION
519,National Irrigation Administration
520,Provincial Local Government Unit of Ifugao
521,Municipality of Gregorio del Pilar
522,Department of Education - Schools Division Office of Albay
523,Department of Health-Center for Health Development-Cordillera Administrative Region
524,LGU Giporlos Eastern Samar
525,Municipality of Tabuelan
526,"MUNICIPALITY OF PATNONGON, ANTIQUE"
527,Municipal Government of Tadian
528,Municipality of Pagbilao
529,Provincial Government of Pangasinan
530,Authority of the Freeport Area of Bataan
531,City Government of Bi\\u00c3\\u00b1an
532,PROVINCIAL GOVERNMENT OF SURIGAO DEL NORTE
533,Municipality of Sablan
534,National Irrigation Administration
535,"Municipal Government of San Vicente, Palawan"
536,DEPARTMENT OF AGRARIAN REFORM-PANGASINAN
537,Kalinga State University
538,Research Institute for Tropical Medicine (RITM-DOH)
539,Research Institute for Tropical Medicine (RITM-DOH)
540,CIty Government of Bayugan
541,Mindano Central Sanitarium
542,LGU Piagapo
543,DEPARTMENT OF SOCIAL WELFARE AND DEVELOPMENT REGION XII
544,"LGU-Abulug, Cagayan"
545,CITY GOVERNMENT OF PUERTO PRINCESA
546,"Municipality of Carles, Iloilo"
547,Quezon City LGU
548,Quezon City LGU
549,Benguet Provincial Government
550,NORTH LUZON PHILIPPINES STATE COLLEGE
551,LGU MALALAG
552,"Local Government Unit of Brooke\'s Point, Palawan"
553,Municipality of Santa Catalina
554,Municipality of Santa Catalina
555,CITY GOVERNMENT OF KORONADAL
556,Department of Environment and Natural Resources-PENRO Ilocos Sur
557,PROVINCIAL GOVERNMENT OF LAGUNA
558,St. Anthony Mother and Child Hospital
559,Municipality of Montevista
560,Department of Agrarian Reform
561,Ministry of Public Works - BARMM
562,SAN LORENZO RUIZ GENERAL HOSPITAL
563,Civil Service Commission - Regional Office 1
564,"DSWD FO VIII, MAGSAYSAY BOULEVARD, TACLOBAN CITY"
565,TECHNICAL EDUCATION AND SKILLS DEVELOPMENT AUTHORITY REGIONAL OFFICE I
566,"MUNICIPALITY OF CARMEN, CEBU"
567,Philippine Reclamation Authority
568,Bangui Institute of Technology
569,Local Government Unit of Sulop
570,Local Government Unit of Bayawan City
571,Provincial Government of Aklan
572,"Municipality of San Juan, Southern Leyte"
573,Marita L. Flores
574,Sugar Regulatory Administration
575,Local Government Unit of Manjuyod
576,"Local Government Unit of Tiwi, Albay"
577,National Power Corporation
578,DEPARTMENT OF AGRARIAN REFORM REGIONAL OFFICE V
579,Bangko Sentral ng Pilipinas - Batac Branch
580,City Government of Bayugan
581,Civil Service Commission-National Capital Region
582,Department of Agrarian Reform-Regional Office XI
583,LGU-Ragay
584,Benguet Provincial Government
585,"LGU - Bokod, Benguet"
586,Benguet Provincial Government
587,Municipality of Padre Burgos Quezon
588,"LGU - San VIcente, Ilocos Sur"
589,"Municipality of Danao, Bohol"
590,"Local Government Unit of Carmen, Cotabato"
591,"Municipality of Hadji Muhtamad, Basilan"
592,LGU-DAET
593,TESDA La Union Provincial Office
594,Department of Health-Caraga
595,LGU-DAET
596,BATANES GENERAL HOSPITAL
597,DEPARTMENT OF AGRICULTURE - REGIONAL FIELD OFFICE 7
598,"LOCAL GOVERNMENT UNIT OF ATIMONAN, QUEZON"
599,"Municipal Government of Quezon, Bukidnon"
600,LGU VALENCIA
601,"MUNICIPALITY OF QUIRINO, ILOCOS SUR"
602,LGU VALENCIA
603,Local Government Unit of New Bataan
604,DENR - National Capital Region
605,MUNICIPALITY OF VALENCIA NEGROS ORIENTAL
606,DEPARTMENT OF TRADE & INDUSTRY - 9
607,LGU VALENCIA NEGROS ORIENTAL
608,PAROLE AND PROBATION ADMINISTRATION-REGION 6
609,DENR Regional Office No. 1
610,Provincial Government of Palawan
611,Dr. Jose Fabella Memorial Hospital
612,DEPARTMENT OF TRADE & INDUSTRY - 9
613,Municipality of Malvar
614,Barangay Catioan
615,Local Government Unit - Baao
616,LGU Oroquieta
617,"BARANGAY ARANGIN, NAUJAN SK"
618,DEPARTMENT OF AGRICULTURE - REGION III
619,DEPARTMENT OF AGRARIAN REFORM
620,Margosatubig Regional Hospital
621,Philippine Statistics Authority MIMAROPA
622,Social Housing Finance Corporation
623,Sangguniang Kabataan of Barangay Masagana Naujan
624,LUIS HORA MEMORIAL REGIONAL HOSPITAL
625,"Barangay Tagumpay, Naujan SK"
626,"Barangay Inarawan, Naujan, SK"
627,Department of Information and Communications Technology Mindanao Cluster 1
628,DENR PENRO PANGASINAN
629,Department of Agrarian Reform
630,Office of the Solicitor General
631,DEPARTMENT OF ENVIRONMENT AND NATURAL RESOURCES
632,Philippine National Oil Company
633,Bangko Sentral ng Pilipinas
634,DEPARTMENT OF AGRARIAN REFORM - CATANDUANES
635,City of Manila
636,Panikian Sk
637,SANGGUNIANG KABATAAN NG BRGY PAGKAKAISA NAUJAN
638,City Government of Baguio
639,"Local Government Unit of Maragondon, Cavite"
640,"Municipality of Gitagum, Misamis Oriental"
641,LGU-GENERAL MAMERTO NATIVIDAD
642,Tondo Medical Center
643,"BARANGAY BUCAL 3B, MARAGONDON, CAVITE"
644,"BARANGAY BUCAL 4B, MARAGONDON, CAVITE"
645,"BARANGAY BUCAL 3A, MARAGONDON, CAVITE"
646,PNOC
647,Cebu City Government
648,Province of Zamboanga Del Sur
649,"BARANGAY CAINGIN, MARAGONDON, CAVITE"
650,"BARANGAY GARITA B, MARAGONDON, CAVITE"
651,"BARANGAY BUCAL 2, MARAGONDON, CAVITE"
652,Sangguniang Kabataan ng Barangay San Antonio Naujan
653,"BARANGAY POBLACION 2B, MARAGONDON, CAVITE"
654,"BARANGAY TALIPUSNGO, MARAGONDON, CAVITE"
655,"Barangay Pinagsanhan A, Maragondon, Cavite"
656,"BARANGAY BUCAL 4A, MARAGONDON, CAVITE"
657,Davao City Water District
658,"SK Barangay Adrialuna Naujan, Oriental Mindoro"
659,Municipality of Libungan
660,"BARANGAY PANTIHAN 3, MARAGONDON, CAVITE"
661,Sangguniang Kabataan of Arangin
662,"SK BUCAL 3B, MARAGONDON, CAVITE"
663,"Municipality of Tiwi, Albay"
664,"BARANGAY BUCAL 1, MARAGONDON, CAVITE"
665,Sangguniang Kabataan ng Barangay Inarawan Naujan
666,Municipality of Pulilan
667,Local Government Unit of Naga
668,Sangguniang Kabataan ng Barangay Aurora Naujan
669,Provincial Government of Nueva Ecija
670,Provincial Government of Nueva Ecija
671,Provincial Government of Nueva Ecija
672,Sangguniang Kabataan of Barangay Mahabang Parang
673,Mariveles Mental Wellness And General Hospital
674,Municipality of Looc
675,PROVINCIAL GOVERNEMNT OF AKLAN
676,Office of Civil Defense
677,"BARANGAY PANTIHAN 2, MARAGONDON, CAVITE"
678,Municipality of Batad Iloilo
679,Provincial Government of Bulacan
680,Department of Agriculture Regional Field Office 10
681,Mariveles Mental Wellness And General Hospital
682,DR. JOSE RIZAL MEMORIAL HOSPITAL
683,Municipality of Batad Iloilo
684,"Barangay Mabato, Maragondon, Cavite"
685,"Barangay Patungan, Maragondon, Cavite"
686,"Barangay Poblacion 1A, Maragondon, Cavite"
687,"Barangay Poblacion 1B, Maragondon, Cavite"
688,"Barangay San Miguel B, Maragondon, Cavite"
689,"Barangay Tulay A, Maragondon, Cavite"
690,"Barangay Tulay B, Maragondon, Cavite"
691,"Barangay Pantihan 1, Maragondon, Cavite"
692,"Barangay Pinagsanhan B, Maragondon, Cavite"
693,"Local Government Unit of Balungao, Pangasinan"
694,Sangguniang Kabataan of Barangay Santiago
695,Sangguniang Kabataan of Barangay Mabini
696,"LOCAL GOVERNMENT UNIT OF PRESENTACION, CAMARINES SUR"
697,National Fire Training Institute (Philippine Public Safety College)
698,Department of Social Welfare and Development Field Office VI
699,National Children\'s Hospital
700,"Barangay Poblacion 2A, maragondon, Cavite"
701,Philippine Mining Development Corporation
702,Cebu Technological University
703,National Mapping & Resource Information Authority
704,Provincial Government of Pangasinan
705,"SANGGUNIANG KABATAAN NG BRGY. PAGKAKAISA, NAUJAN"
706,National Mapping & Resource Information Authority
707,BARANGAY MOTODERAZO
708,Local Government Unit - Santa Rosa
709,DEPARTMENT OF AGRICULTURE REGIONAL OFFICE III
710,"Sangguniang Kabataan of Barangay Mahabang Parang, Naujan"
711,Philippine Guarantee Corporation
712,Dept. of Information and Communications Technology
713,Securities and Exchange Commission
714,Sangguniang Kabataan - Tagumpay Naujan
715,"LGU-Gamay,Northern Samar"
716,Bureau of Corrections-NBP
717,Department of Agriculture Region 10
718,"Barangay Pantihan 4, Maragondon, Cavite"
719,Subic Bay Metropolitan Authority
720,PNOC EXPLORATION CORPORATION
721,LGU-Olongapo City
722,Department of Agriculture RFO 8
723,MANILA INTERNATIONAL AIRPORT AUTHORITY
724,"LGU-Mercedes, Eastern Samar"
725,Department of Health - Center for Health Development I
726,Northwest Samar State University
727,Municipal Government of Moncada
728,"Sangguniang Kabataan ng San Nicolas, Naujan"
729,Department of Budget and Management Regional Office No. 7
730,SUPREME COURT OF THE PHILIPPINES
731,"Local Government Unit - Municipality of San Nicolas, Province of Pangasinan"
732,SUPREME COURT OF THE PHILIPPINES
733,BATANGAS MEDICAL CENTER
734,Baguio General Hospital and Medical Center
735,Department of Agrarian Reform-Benguet
736,"LGU- LEMERY, BATANGAS"
737,Local Government Unit of Anao
738,NATIONAL BUREAU OF INVESTIGATION
739,Mindano Central Sanitarium
740,Sangguniang Kabataanng ng Barangay Panikian
741,Philippine Textile Research Institute
742,Municipality of General Nakar
743,Public-Private Partnership Center
744,"Barangay GaritaA, Maragondon, Cavite"
745,Department of Agrarian Reform - Province of Iloilo
746,"Barangay Layong Mabilog, Maragondon, Cavite"
747,ADELA SERRA TY MEMORIAL MEDICAL CENTER
748,John Hay Management Corporation
749,"DPWH NEG. OCC. 4TH DEO, BAGO CITY, NEG. OCC."
750,Philippine Textile Research Institute
751,Sangguniang Kabataan ng Barangay Panikian Naujan Oriental Mindoro
752,DEPARTMENT OF AGRARIAN REFORM
753,"MUNICIPALITY OF MOLAVE, ZAMBOANGA DEL SUR"
754,"Municipality of Salug, Zamboanga del Norte"
755,Professional Regulation Commission
756,Municipality of Bauan
757,COMPOSTELA VALLEY STATE COLLEGE
758,DPWH-Cebu 1st District Engineering Office
759,Professional Regulation Commission
760,LGU CLAVER
761,Sangguniang Kabataan of Melgar B
762,Trisha Rebito Janda
763,BSP Ozamiz Branch
764,Mariano Marcos State University
765,DEPARTMENT OF BUDGET AND MANAGEMENT CAR
766,DOH - Davao Center for Health Development
767,LGU-LUPON
768,DEPARTMENT OF LABOR AND EMPLOYMENT XI
769,DEPARTMENT OF AGRARIAN REFORM-CAMARINES NORTE
770,"Government Service Insurance System, Cebu Branch"
771,"Government Service Insurance System, Cebu Branch"
772,COMMISSION ON POPULATION AND DEVELOPMENT REGION 3
773,METROPOLITAN WATERWORKS AND SEWERAGE SYSTEM - REGULATORY OFFICE
774,BSP ILOILO BRANCH
775,NATIONAL IRRIGATION ADMINISTRATION-CORDILLERA ADMINISTRATIVE REGION
776,DOST-PCAARRD
777,"LGU-VALDERRAMA, ANTIQUE"
778,Department of Agrarian Reform Sultan Kudarat
779,San Lazaro Hospital
780,DOH - Davao Center for Health Development
781,BUREAU OF JAIL MANAGEMENT AND PENOLOGY-NATIONAL HEADQUARTERS
782,National Economic and Development Authority (NEDA) XI
783,National Defense College of the Philippines (NDCP)
784,"LGU - Kabankalan City, Neg. Occ."
785,Progreso Elementary School
786,Bureau of Soils and Water Management
787,Bangko Sentral ng Pilipinas
788,Basilan General Hospital
789,Department of Labor and Employment Regional Office No. VIII
790,LGU Bugasong
791,LOCAL GOVERNMENT UNIT AURORA ZAMBO DEL SUR
792,Don Jose S. Monfort Medical Center Extension Hospital
793,LAS PI\\u00c3\\u2018AS GENERAL HOSPITAL AND SATELLITE TRAUMA CENTER
794,Local Government Unit of Passi City
795,Philippine Army
796,"MUNICIPALITY OF SANTA MARIA, PANGASINAN"
797,DSWD MIMAROPA REGION
798,TESDA - Nueva Vizcaya Provincial Office
799,DOH-Treatment and Rehabilitation Center-Tagaytay City
800,OCD Region 02
801,Local Goverment Unit Of Kabankalan City
802,"LGU -PANUKULAN, QUEZON"
803,Province of Zamboanga del Norte
804,Office of Civil Defense 5
805,LOCAL GOVERNMENT UNIT OF SOLANA
806,Northern Negros State College of Science and Technology
807,Northern Negros State College of Science and Technology
808,Municipality of Tanza
809,Sandiganbayan
810,Department of Tourism-National Capital Region
811,Municipality of RONDA
812,Bangko Sentral ng Pilipinas - Roxas Branch
813,"CITY OF VALENCIA, BUKIDNON"
814,BUREAU OF FIRE PROTECTION NATIONAL HEADQUARTERS
815,Civil Service Commission
816,Office of Civil Defense Caraga
817,"Municipality of Tubigon, Bohol"
818,"LANDBANK COUNTRYSIDE DEVELOPMENT FOUNDATION, INC."
819,Bangko Sentral ng Pilipinas - Roxas Branch
820,Western Visayas Medical Center
821,SANTA MARIA WATER DISTRICT
822,Municipal Government of Santo Tomas
823,"BUREAU OF JAIL MANAGEMENT AND PENOLOGY, REGION-IX"
824,"Municipality of Tubigon, Bohol"
825,LGU-SIBUTAD
826,LGU-MALAPATAN
827,glan.gov.ph
828,Ministry of Transportation and Communication - BARMM
829,MUNICIPAL GOVERNMENT OF SAN PASCUAL
830,DPWH REGIONAL OFFICE NO. IV-A
831,Local Government Unit of Concepcion
832,LGU LIDLIDDA
833,Ministry of Social Services BARMM
834,DEPARTMENT OF LABOR AND EMPLOYMENT-NCR
835,LGU-SALCEDO
836,Local Government Unit of Malapatan
837,PHILIPPINE AIR FORCE
838,NATIONAL MEAT INSPECTION SERVICE
839,DEPARTMENT OF LABOR AND EMPLOYMENT R02
840,"Municipality of Placer, Surigao del Norte"
841,Philippine Statistics Authority-National Capital Region
842,National Economic and Development Authority Region IV-A
843,City Government of Malaybalay
844,Ministry of Health - BARMM
845,CAMARINES NORTE STATE COLLEGE
846,LGU MAPANDAN
847,DEPARTMENT OF LABOR AND EMPLOYMENT X
848,Philippine Competition Commission
849,Department of Science and Technology- Central Office
850,LGU ALEOSAN
851,Bureau of Jail Management and Penology Regional Office-CALABARZON
852,Department of Trade and Industry
853,PARTIDO STATE UNIVERSITY
854,Partido State University
855,Central Board of Assessment Appeals
856,Philippine Science High School - Region II (CAgayan Valley Campus)
857,Municipality of Malay
858,Municipal Government of Paracelis
859,GPPB-TSO
860,san nicolas
861,SANGGUNIANG KABATAAN NG POB.II NAUJAN
862,sangguniang kabataan ng san nicolas
863,SANGGUNIANG KABATAAN NG BARANGAY PAGKAKAISA NAUJAN
864,Local Government Unit of San Remigio-Antique
865,Sangguniang Kabataan ng Barangay San Nicolas Naujan
866,PHILIPPINE COAST GUARD
867,Department of Labor and Employment- Caraga
868,BUREAU OF JAIL MANAGEMENT AND PENOLOGY - REGION VII
869,Sangguniang Kabataan ng San Nicolas Naujan Or. Mdo.
870,Sangguniang Kabataan ng Barangay Pagkakaisa
871,Municipality of Cabatuan
872,Deped Cabuyao
873,DAVAO CITY WATER DISTRICT
874,Mayor Hilarion A. Ramiro Sr. Medical Center
875,"Municipality of Jose Panganiban, Camarines Norte"
876,"Local Government Unit-Dinapigue, Isabela"
877,"Municipality of Cabiao, Nueva Ecija"
878,Bangko Sentral ng Pilipinas
879,LGU-Madridejos
880,"Bureau of Jail Management and Penology, Region III"
881,SOCIAL SECURITY SYSTEM
882,Philippine Amusement and Gaming Corporation
883,Philippine Amusement and Gaming Corporation
884,Bureau of Jail Management and Penology Regional Office 8
885,"Local Government Unit of ~Mabini, Pangasinan"
886,Municipality of Allacapan
887,NATIONAL POWER CORPORATION MINDANAO GENERATION HEADQUARTERS
888,Barangay Kanluran Malicboy
889,Department of Budget and Management - Regional Office VI
890,Department of Science and Technology - MIMAROPA
891,SCHISTOSOMIASIS HOSPITAL
892,DEPARTMENT OF AGRICULTURE - CARAGA
893,BATANGAS STATE UNIVERSITY ARASOF-NASUGBU
894,Northern Foods Corporation
895,Department of Information and Communications Technology
896,Philippine Textile Research Institute
897,RIZAL MEDICAL CENTER
898,DEPARTMENT OF AGRARIAN REFORM
899,Schools Division of Palawan
900,"Municipality of Baggao, Cagayan"
901,Pag-IBIG Fund - Corporate Headquarters
902,DPWH-Central Office
903,BIR RR9A - CaBaMiRo
904,Department of the Interior and Local Government - CAR
905,LGU TUGUEGARAO
906,Department of Public Works and Highways - Cordillera Administrative Region Regional Office
907,SOUTHERN LEYTE STATE UNIVERSITY
908,Department of Agrarian Reform Albay Provincial Office
909,DEPARTMENT OF LABOR AND EMPLOYMENT-REGIONAL OFFICE NO. 1
910,Poro Point Management Corporation
911,Light Rail Transit Authority
912,Zamboanga City Medical Center
913,DEPARTMENT OF EDUCATION DIVISION OF BATANGAS
914,"BUREAU OF INTERNAL REVENUE RR-15, ZAMBOANGA CITY"
915,COMMISSION ON ELECTIONS
916,PHILIPPINE CHILDREN\'S MEDICAL CENTER
917,"Municipal Government of Real, Quezon"
918,Philippine Center for Postharvest Development and Mechanization
919,LOCAL GOVERNMENT UNIT OF KATIPUNAN
920,Mayor Hilarion A. Ramiro Sr. Medical Center
921,Local Government Unit of Maripipi
922,"LGU Baclayon, Bohol"
923,"Municipality of Baggao, Cagayan"
924,Philippine Coconut Authority - Central Office
925,San Rafael Elementary School
926,Institute for Labor Studies
927,CITY GOVERNMENT OF URDANETA
928,NATIONAL ECONOMIC AND DEVELOPMENT AUTHORITY IX
929,Office of Civil Defense Region 3
930,Social Security System
931,"BUREAU OF INTERNAL REVENUE, RR NO. 9B-LAQUEMAR"
932,Davao Oriental State College of Science and Technology
933,"Local Government of Libjo, Dinagat Islands"
934,Department of Public Works and Highways Bulacan 1st District Engineering Office
935,DEPARTMENT OF AGRARIAN REFORM PROVINCIAL OFFICE - MATI CITY
936,OFFICE OF CIVIL DEFENSE BARMM
937,"Local Government Unit (LGU) of Pintuyan, Southern Leyte"
938,Department of Public Works and Highways Regional Office VI
939,Center for International Trade Expositions and Missions (CITEM)
940,DAR CALABARZON REGIONAL OFFICE
941,"Local Government Unit of Tomas Oppus, Southern Leyte"
942,DEPARTMENT OF AGRARIAN REFORM-CAVITE
943,"Sangguniang Kabataan ng San Nicolas, Naujan, Or.Mdo."
944,NATIONAL KIDNEY AND TRANSPLANT INSTITUTE
945,City of Silay
946,DOLE-RO 7
947,COOPERATIVE DEVELOPMENT AUTHORITY
948,"Municipality of Barbaza, Antique"
949,BARBAZA
950,DBP Leasing Corporation
951,"Municipality of Estancia, Iloilo"
952,"CITY OF CALAMBA, LAGUNA"
953,Civil Aeronautics Board
954,Department of Agrarian Reform-Negros Occidental 2
955,BICOL REGION GENERAL HOSPITAL AND GERIATRIC MEDICAL CENTER (FORMERLY BICOL SANITARIUM)
956,DIPOLOG CITY GOVERNMENT
957,"LGU-San Ricardo, Southern Leyte"
958,"BUREAU OF JAIL MANAGEMENT AND PENOLOGY, REGION 3"
959,CLARK DEVELOPMENT CORPORATION
960,Philippine Army (PABAC 1)
961,METALS INDUSTRY RESEARCH & DEVELOPMENT CENTER
962,CITY OF BATAC
963,PHILIPPINE SCIENCE HIGH SCHOOL CALABARZON REGION CAMPUS
964,BJMP
965,CLARK DEVELOPMENT CORPORATION
966,PHILIPPINE NATIONAL RAILWAYS
967,DPWH Biliran District Engineering Office
968,DEPARTMENT OF AGRARIAN REFORM - NEGROS OCCIDENTAL 2 (SOUTH)
969,Mines and Geosciences Bureau - CAR
970,DEPARTMENT OF AGRARIAN REFORM - NEGROS OCCIDENTAL 2 (SOUTH)
971,DPWH Regional Office No. IV-A
972,"MUNICIPALITY OF LIMASAWA, SOUTHERN LEYTE"
973,"Local Government Unit of San Agustin, Isabela"
974,DAR PROVINCIAL OFFICE OF SARANGANI
975,Department of Agriculture-RFO 12
976,Tourism Infrastructure and Enterprise Zone Auhtority
977,LGU-BUBONG
978,Bureau of Jail Management and Penology XI
979,National Economic and Development Authority Region 7
980,Local Government Unit of Lingayen
981,DPWH Agusan del Sur 1st District Engineering Office
982,UNIVERSITY OF SOUHTERN MINDANAO BIDS AND AWARDS COMMITTEE OFFICE (BAC)
983,WESTERN VISAYAS SANITARIUM
984,BUREAU OF JAIL MANAGEMENT AND PENOLOGY REGION 5
985,Commission on Higher Education
986,LGU Barbaza
987,Commission on Higher Education
988,Far North Luzon General Hospital And Training Center
989,MUNICIPALITY OF SAINT BERNARD
990,Bataan General Hospital and Medical Center
991,Cagayan State University
992,Department of Agrarian Reform - Pampanga
993,Municipality of Jones
994,"Municipality of Valladolid, Negros Occidental"
995,DOST-METALS INDUSTRY RESEARCH AND DEVELOPMENT CENTER
996,City Government of Panabo
997,Far North Luzon General Hospital and Training Center
998,DEPARTMENT OF AGRICULTURE - CARAGA
999,Bureau of Jail Management and Penology-CAR
1000,Local Government Unit of Bingawan
1001,City Government of Lamitan
1002,Office of the Chie Minister-Bangsamoro Autonomous Region in Muslim Mindanao
1003,Bureau of Jail Management and Penology Regional Office 6
1004,DPWH - CATANDUANES DISTRICT ENGINEERING OFFICE
1005,"LANDBANK COUNTRYSIDE DEVELOPMENT FOUNDATION, INC."
1006,SSS Luzon South 2 Division
1007,DEPED-SCHOOLS DIVISION OF AKLAN
1008,UP Baguio
1009,UP Baguio
1010,Bureau of Jail Management and Penology Regional Office I
1011,DPWH-ILOCOS NORRE 2nd DISTRICT ENGINEERING OFFICE
1012,Department of Agrarian Reform (DAR) - Aklan
1013,Department of Agrarian Reform- Province of Guimaras
1014,President Ramon Magsaysay State University
1015,MUNICIPALITY OF BOLINAO
1016,Barangay Mapagong
1017,Barangay Daungan
1018,Bureau of Jail Management and Penology Regional Office XII
1019,DEPARTMENT OF AGRARIAN REFORM-NEGROS OCCIDENTAL 1
1020,DEPARTMENT OF AGRARIAN REFORM
1021,SOCIAL SECURITY SYSTEM - LUZON SOUTH 1 DIVISION
1022,SSS - Luzon South 2 Division
1023,Department of Social Welfare and Development Field Office IX
1024,Department of Agrarian Reform -Capiz- Region VI
1025,Deped  Schools Division of Cabuyao
1026,DEPARTMENT OF PUBLIC WORKS AND HIGHWAYS - EASTERN SAMAR DEO
1027,Deped - City Schools Division O\\\\of Cabuyao
1028,LGU Galimuyod
1029,Department of Budget and Management Region XIII
1030,SSS- MINDANAO NORTH DIVISION
1031,SSS Visayas Central 2 Division
1032,Philippine Air Force Procurement Center
1033,Local Government Unit-City of Zamboanga
1034,MUNICIPALITY OF LABANGAN
1035,CAMARINES SUR II ELECTRIC COOPERATIVE INC. (CASURECO II)
1036,Department of Agrarian Reform Province of Antique
1037,PHILIPPINE SCIENCE HIGH SCHOOL CENTRAL LUZON CAMPUS
1038,Partido Development Administration
1039,"LGU-San Mateo, Isabela"
1040,GUIUAN WATER DISTRICT
1041,DAR Provincial Office of Cotabato
1042,SSS-NCR South Division
1043,BANGKO SENTRAL NG PILIPINAS - DUMAGUETE BRANCH
1044,"LGU-San Mateo, Isabela"
1045,DEPARTMENT OF PUBLIC WORKS AND HIGHWAYS - Masbate 2nd District Engineering Office
1046,"LGU-LUBA, ABRA"
1047,SSS VISAYAS WEST-2 DIVISION
1048,"City Government of San Fernando, Pampanga"
1049,Bureau of Plant Industry
1050,BJMP 8
1051,SENATE OF THE PHILIPPINES
1052,COMMISSION ON HUMAN RIGHTS
1053,SOCIAL SECURITY SYSTEM
1054,Philippine Amusement and Gaming Corporation
1055,Department of Agrarian Reform-Negros Occidental 1
1056,Dr. Paulino J. Garcia Memorial Research and Medical Center
1057,SSS-NCR South Division
1058,"Local Government Unit - Cauayan City, Isabela"
1059,SOUTHERN LEYTE STATE UNIVERSITY
1060,Municipality of Manapla
1061,DPWH - NEGROS OCCIDENTAL 2ND DEO
1062,"Local Government Unit - Cauayan City, Isabela"
1063,"Local Government Unit - Cauayan City, Isabela"
1064,"406th Contracting Office, AFPPS"
1065,Sangguniang Barangay Bigo
1066,LGU - CAVITE CITY
1067,Department of the Interior and Local Government - National Capital Region
1068,Bohol Island State University - Main Campus
1069,Civil Service Commission Region II
1070,LGU Barangay Quinagaringan Peque\\u00c3\\u00b1o
1071,TESDA REGION IV-A CALABARZON
1072,Municipality of Allacapan
1073,Polytechnic University of the Philippines
1074,Municipality of Agno
1075,Municipality of Agno
1076,SOCIAL SECURITY SYSTEM - LUZON NORTH 1 DIVISION
1077,Department of Agrarian Reform Regional Office VI
1078,Department of Agrarian Reform-Negros Occidental 1
1079,Department of Agrarian Reform Regional Office VI
1080,DAR-NUEVA ECIJA
1081,LGU-Rosales
1082,Bangko Sentral ng Pilipinas Cabanatuan Branch
1083,Metropolitan Naga Water District
1084,DENR Regional Office No.1
1085,Barangay Ibaba Palsabangon
1086,Barangay Ibabang Polo
1087,President Ramon Magsaysay State University
1088,CIVIL SERVICE COMMISSION-CAR
1089,"LGU-MUNICIPALITY OF MALINAO, AKLAN"
1090,DEPARTMENT OF PUBLIC WORKS AND HIGHWAYS - EASTERN SAMAR DEO
1091,Department of Labor and Employment - MIMAROPA
1092,"Department of Public Works and Highways, Ilocos Sur 1st District Engineering Office"
1093,LGU SAN MIGUEL ILOILO
1094,"Sangguniang Kabataan ng Sta. Cruz, Naujan, Or. Mdo."
1095,M\'LANG WATER DISTRICT
1096,LAND BANK OF THE PHILIPPINES
1097,CLARK DEVELOPMENT CORPORATION
1098,CLARK INTERNATIONAL AIRPORT CORPORATION
1099,Bicol Regional Training and Teaching Hospital
1100,Local Government of Gingoog City
1101,"Sangguniang Kabataan ng Barangay Sta.Cruz, Naujan, Or.Mdo."
1102,Philippine Economic Zone Authority
1103,Bureau of Jail Management and Penology Region V
1104,Region 1 Medical Center
1105,PHILIPPINE TRADE TRAINING CENTER
1106,Philippine Aerospace Development Corporation
1107,Sangguniang Barangay Silangang Malicboy
1108,LGU Giporlos
1109,Las Pi\\u00c3\\u00b1as Gen. Hospital and Satellite Trauma Center
1110,MUNICIPALITY OF BUCAY
1111,Mactan-Cebu International Airport Authority
1112,DPWH-ILOCOS NORTE 2ND DISTRICT ENGINEERING OFFICE
1113,MUNICIPALITY OF COMPOSTELA
1114,BARANGAY TALIPAN
1115,"LGU-Anilao, Anillao, Iloilo"
1116,Department of Social Welfare and Development
1117,Bureau of Jail Management and Penology Region 02
1118,"MUNICIPALITY OF NAGUILIAN, ISABELA"
1119,Department of Social Welfare and Development - Central Office
1120,PHILIPPINE ECONOMIC ZONE AUTHORITY
1121,LGU BAROTAC NUEVO
1122,SSS Visayas Central 1 Division
1123,Barangay Mapagong
1124,Sangguniang Barangay Tukalan
1125,"Department of the Interior and Local Government, Region 7"
1126,Barangay Binahaan
1127,DPWH CEBU 3RD DISTRICT ENGINEERING OFFICE
1128,Barangay Ikirin
1129,BENGUET STATE UNIVERSITY
1130,Local Government Unit of Pastrana
1131,DPWH-Ilocos Norte First District Engineering Office
1132,SSS NCR East Division
1133,Sangguniang Barangay Ibaba Bagumbungan
1134,SSS NCR NORTH DIVISION
1135,SSS LUZON NORTH 2 DIVISION
1136,SSS NCR West Division
1137,Department of Public Works and Highways - Batangas II District Engineering Office
1138,Local Government Unit of Sibalom
1139,SSS NCR North Division
1140,Philippine International Trading Corporation
1141,Local Government Unit of Sibalom
1142,Cavite State University
1143,Cadiz West Elementary School I
1144,Sangguniang Barangay Sta. Catalina
1145,"Municipality of Roxas, Palawan"
1146,Sangguniang Barangay Ilayang Polo
1147,MARITIME INDUSTRY AUTHORITY REGIONAL OFFICE IV
1148,"LGU-Belison, Antique"
1149,Department of Labor and Employment Regional Office III
1150,SSS NCR West Division
1151,DPWH-Baguio City District Engineering Office
1152,DON LUIS CONSING ELEMENTARY SCHOOL
1153,Department of Health - Drug Treatment and Rehabilitation Center Dagupan City
1154,Barangay Bukal
1155,ALUYAN ELEMENTARY SCHOOL
1156,DENR-PENRO La Union
1157,Department of Education
1158,PROFESSIONAL REGULATION COMMISSION - CAR
1159,LOCAL GOVERNMENT UNIT OF SAN MIGUEL ILOILO
1160,SOCIAL SECURITY SYSTEM - MINDANAO SOUTH 1 DIVISION
1161,SSS Visayas West 1 Division
1162,Bureau of Plant Industry
1163,"LGU BURGOS, ISABELA"
1164,Department of Tourism
1165,BANGKO SENTRAL NG PILIPINAS
1166,"LOCAL GOVERNMENT UNIT OF SANTA CRUZ, DAVAO DEL SUR"
1167,Pasay City Government
1168,LOCAL GOVERNMENT UNIT OF SAN MIGUEL ILOILO
1169,Bangko Sentral ng Pilipinas Cabanatuan Branch
1170,FLORO L. REBOTON ELEMENTARY SCHOOL
1171,City of Victorias
1172,POLYTECHNIC UNIVERSITY OF THE PHILIPPINES
1173,Municipality of Manapla
1174,DSWD FIELD OFFICE IV-A (CALABARZON)
1175,DEPARTMENT OF AGRARIAN REFORM-AURORA
1176,"LGU-LEON, ILOILO"
1177,MUNICIPALITY OF LABANGAN
1178,DEPARTMENT OF AGRARIAN REFORM QUEZON I PROVINCIAL OFFICE
1179,MANILA INTERNATIONAL AIRPORT AUTHORITY
1180,Municipality of Libertad
1181,LGU-San Joaquin
1182,National Transmission Corporation
1183,PAROLE AND PROBATION ADMINISTRATION REGION X
1184,Cadiz East Elementary School II
1185,Philippine Institute of Traditional and Alternative Health Care
1186,DEPARTMENT OF AGRARIAN REFORM BATANGAS
1187,Philippine Fisheries Development Authority
1188,Visayas West 1 Division
1189,VETERANS MEMORIAL MEDICAL CENTER
1190,SOCIAL SECURITY SYSTEM - LUZON SOUTH 1 DIVISION
1191,SOCIAL SECURITY SYSTEM-VISAYAS WEST 1 DIVISION
1192,Department of Education City Schools Division of Dasmarinas
1193,DPWH - Misamis Oriental First District Engineering Office
1194,SOCIAL SECURITY SYSTEM - LUZON BICOL DIVISION
1195,Municipality of Hinoba-an
1196,Department of Agrarian Reform-Laguna
1197,Department of Tourism Region IV-B MIMAROPA
1198,Bicol State College of Applied Sciences and Technology
1199,PHILIPPINE AMUSEMENT AND GAMING CORPORATION
1200,DPWH SAMAR 1ST DISTRICT ENGINEERING OFFICE
1201,Technical Education and Skills Development Authority-Central Office
1202,National Transmission Corporation
1203,"LGU- Barangay Pagaypay, Passi City, Iloilo"
1204,DEPARTMENT OF AGRARIAN REFORM-QUEZON II
1205,Procurement Service
1206,NATIONAL SECURITY COUNCIL
1207,LGU CAMALANIUGAN
1208,PHILIPPINE SCIENCE HIGH SCHOOL - REGION VI
1209,"LGU-MUNICIPALITY OF ANILAO, ILOILO"
1210,"LGU -Municipality of Lasam, Cagayan"
1211,Games and Amusements Board
1212,City Government of Cadiz
1213,Bicol State College of Applied Sciences and Technology
1214,NDCP
1215,FLORO L. REBOTON ELEMENTARY SCHOOL
1216,"Barangay Daungan, Pagbilao, Quezon"
1217,Batangas State University
1218,Philippine Science High School-Central Visayas Campus
1219,DARPO Cagayan
1220,Movie and Television Review and Classification Board (MTRCB)
1221,LGU Lasam
1222,Davao Regional Medical Center
1223,DAR RIZAL PROVINCIAL OFFICE
1224,VETERANS MEMORIAL MEDICAL CENTER
1225,Development Bank of the Philippines
1226,PHILIPPINE ORTHOPEDIC CENTER
1227,Region II Trauma and Medical Center
1228,MACTAN-CEBU INTERNATIONAL AIRPORT AUTHORITY
1229,FOOD AND DRUG ADMINISTRATION
1230,LAND TRANSPORTATION OFFICE R10
1231,Polytechnic University of the Philippines
1232,BSP Tacloban Branch
1233,CADIZ EAST ELEMENTARY SCHOOL II
1234,"LOCAL GOVERNMENT UNIT OF SAN GUILLERMO, ISABELA"
1235,FOREST PRODUCTS RESEARCH AND DEVELOPMENT INSTITUTE
1236,PEDRO PITOGO ELEMENTARY SCHOOL
1237,VICENTE SOTTO MEMORIAL MEDICAL CENTER
1238,BJMP Caraga
1239,Department of Information and Communications Technology-Luzon Cluster 3
1240,Luis Uy Chiat Elementary School
1241,EAST AVENUE MEDICAL CENTER
1242,EGIDO-FERNANDEZ ELEMENTARY SCHOOL
1243,"Municipal Government of Patnanungan, Quezon"
1244,"Municipal Government of Patnanungan, Quezon"
1245,"Sangguniang Kabataan ng Barangay Santiago, Naujan, Or. Mdo."
1246,"Sangguniang Kabataan ng Barangay Santiago,Naujan, Or. Mdo."
1247,Board of Investments
1248,"Sangguniang Kabataan ng Barangay Mabini, Naujan, Or. Mdo."
1249,DOH- Malinao Treatment and Rehabilitation Center
1250,DILG - LOCAL GOVERNMENT ACADEMY
1251,Department of Social Welfare and Development Field Office XI
1252,Philippine Mining Development Corporation
1253,DEPARTMENT OF TOURISM - CAR
1254,Department of the Interior and Local Government - Region X
1255,Bangko Sentral ng Pilipinas- Dagupan Branch
1256,Department of Trade and Industry XI
1257,Agusan del Sur State College of Agriculture and Technology (ASSCAT)
1258,PROVINCE OF ZAMBOANGA SIBUGAY
1259,Local Government Unit of Alcala
1260,CIVIL SERVICE COMMISSION REGION XI
1261,NORTHERN ILOILO POLYTECHNIC STATE COLLEGE
1262,PROVINCIAL GOVERNMENT OF PAMPANGA
1263,PLGU- Mountain Province
1264,"Sangguniang Kabataan ng Mabini, Naujan, Oriental Mindoro"
1265,MUNICIPALITY OF PADRE BURGOS
1266,DEPARTMENT OF TOURISM - REGION 2
1267,Philippine Coconut Authority Region IV-A
1268,"BIDS AND AWARD COMMITTEE OF BRGY. PANGASCASAN, SUAL, PANGASINAN"
1269,LGU ANGADANAN
1270,DEPARTMENT OF LABOR AND EMPLOYMENT XII
1271,DSWD Regional Office III
1272,Environmental Management Bureau - CARAGA
1273,DPWH Tacloban City District Engineering Office (TCDEO)
1274,Department of Trade and Industry - Region I
1275,Department of Tourism Region III
1276,"Municipality of Victoria, Oriental Mindoro"
1277,BRGY. LANTIC
1278,Guimaras State College
1279,San Andres Elementary School
1280,NATIONAL CENTER FOR MENTAL HEALTH
1281,DPWH Tarlac 1st District Engineering Office
1282,"Barangay 11 Mabuhay Carmona, Cavite"
1283,Guimaras State College
1284,"Sangguniang Kabataan ng Barangay 8 Carmona, Cavite"
1285,BARANGAY 4 POBLACION CARMONA CAVITE
1286,Department of Tourism
1287,"BRGY 14 BANCAL, CARMONA, CAVITE"
1288,"BARANGAY 5 POBLACION CARMONA,CAVITE"
1289,"Barangay 3 Poblacion, Carmona, Cavite"
1290,Philippine Mining Development Corporation
1291,"LGU-San Andres, Quezon"
1292,Southern Isabela Medical Center
1293,"Local Government Unit, Echague, Isabela"
1294,"BRGY13LANTIC,CARMONA,CAVITE"
1295,Lgu - Lagangilang
1296,Lgu - lagangilang
1297,Barangay 6 Poblacion Carmona
1298,LOCAL GOVERNMENT UNIT OF MINA
1299,DEPARTMENT OF TOURISM XII
1300,Bureau of Jail Management and Penology 10
1301,Balandra Elementary School
1302,"Poblacion 6  Barangay Council Carmona, Cavite"
1303,Bureau of Jail Management and Penology 10
1304,LGU-San Antonio
1305,BARANGAY 4 POBLACION CARMONA CAVITE
1306,"Barangay 10 Cabilang Baybay Carmona,Cavite"
1307,Martin A. Quiachon Elementary School
1308,Barangay 7 Poblacion Carmona Cavite
1309,"BARANGAY 5 POBLACION CARMONA, CAVITE"
1310,Cadiz West II Elementary School
1311,"Sangguniang Kabataan ng Barangay 10 Cabilang Baybay Carmona,Cavite"
1312,MUNICIPALITY OF MAKATO
1313,DOLE-CORDILLERA ADMINISTRATIVE REGION
1314,Municipality of San Remigio
1315,CADUHA-AN ELEMENTARY SCHOOL
1316,Bangko Sentral Ng Pilipinas
1317,"Sangguniang Kabataan ng Barangay 10 Cabilang Baybay Carmona,Cavite"
1318,Commission on Higher Education Region 1
1319,"Department of the Interior and Local Government, MIMAROPA Region"
1320,Provincial Government of Agusan del Sur
1321,Tiglawigan Elementary School
1322,Sangguniang Kabataan ng Barangay 6 Carmona Cavite
1323,"Local Government Unit- San Clemente, Tarlac"
1324,City Government of Tabaco
1325,Philippine Science High School - Eastern Visayas Campus
1326,"BARANGAY 5 POBLACION CARMONA,CAVITE"
1327,City Government of Tabaco
1328,Dr. Vicente F. Gustilo Memorial National High School
1329,PhilHealth Regional OfficeIVA
1330,Philippine Statistics Authority
1331,National Maritime Polytechnic
1332,"Sangguniang Kabataan ng Barangay 7 Poblacion Carmona, Cavite"
1333,LGU TOBOSO
1334,BARANGAY 9 MADUYA
1335,LGU-Science City of Mu\\u00c3\\u00b1oz
1336,LGU TUBLAY
1337,Dr. V. F. Gustilo Elementary School
1338,Balamban Water District
1339,Bangko Sentral ng Pilipinas
1340,Department of Education- Danao City Division
1341,Department of Education-Danao City Division
1342,BARANGAY 2 POBLACION
1343,Cagayan Economic Zone Authority
1344,Municipality of Toboso
1345,COURT OF APPEALS
1346,Hiyang-Hiyang Elementary School
1347,Commission on Higher Education - National Capital Region
1348,"Sangguniang Kabataan ng Barangay 2 Poblacion, Carmona, Cavite"
1349,LGU Toboso
1350,Bangko Sentral ng Pilipinas - General Santos Branch
1351,DEPARTMENT OF TOURISM REGION 9
1352,Local Government Unit of Dumangas
1353,Department of Tourism Regional Office V
1354,Paniquion Elementary School
1355,Philippine Retirement Authority
1356,Sangguniang Barangay 8 Rosario Carmona Cavite
1357,Sombito Elementary School
1358,"Sangguniang Kabataan ng Barangay 10 Cabilang Baybay Carmona,Cavite"
1359,Sangguniang Barangay 1 Carmona Cavite
1360,Cadiz Viejo Elementary School
1361,Tagbanon Elementary School
1362,UNIVERSITY OF ANTIQUE
1363,Sangguniang Barangay 8 Carmona Cavite
1364,Bangko Sentral ng Pilipinas San Fernando (Pampanga) Branch
1365,barangay goenment of baybay sur
1366,"Municipal Government of Infanta, Quezon"
1367,FERTILIZER AND PESTICIDE AUHORITY
1368,"LGU, IVISAN"
1369,LGU Bislig
1370,"Sangguniang Kabataan Barangay 3 Poblacion Carmona, Cavite"
1371,SEVERINO ESCARO ELEMENTARY SCHOOL
1372,LGU ANDA
1373,Municipality of Tangalan
1374,MARITIME INDUSTRY AUTHORITY (MARINA) R.O. VII
1375,NORTHERN MINDANAO MEDICAL CENTER
1376,Baguio Water District
1377,JERUSALEM NATIONAL HIGH SCHOOL - CADIZ CITY NEGROS OCCIDENTAL
1378,Philippine Council for Agriculture and Fisheries
1379,"LGU - ANDA, PANGASINAN"
1380,LGU-Patnongon
1381,"Philippine Council for Industry, Energy and Emerging Technology Research and Development"
1382,"Sangguniang Kabataan ng Barangay 4 Poblacion Carmona, Cavite"
1383,Maritime Industry Authority Regional Office VIII
1384,LGU - ANDA PANGASINAN
1385,Bangko Sentral ng Pilipinas San Fernando (Pampanga) Branch
1386,DSWD-CAR
1387,DPWH Pangasinan 2nd DEO
1388,"BARANGAY 8 POBLACION CARMONA, CAVITE"
1389,Baguio Water District
1390,Brgy. 3 Poblacion Carmona Cavite
1391,DEPARTMENT OF SOCIAL WELFARE AND DEVELOPMENT FIELD OFFICE 12
1392,Local Government Unit of Sebaste
1393,"MUNICIPALITY OF LOPEZ, QUEZON"
1394,Barangay Government of Seselangen
1395,VICENTE SOTTO MEMORIAL MEDICAL CENTER
1396,Procurement Service - DBM
1397,"Barangay Government of Victoria, Sual"
1398,VICENTE SOTTO MEMORIAL MEDICAL CENTER
1399,MARITIME INDUSTRY AUTHORITY-CENTRAL OFFICE
1400,Department of Science and Technology-XI
1401,ANDRES BONIFACIO ELEMENTARY SCHOOL
1402,CNHS-LUNA EXTENSION HIGH SCHOOL
1403,Tagbanon Elementary School
1404,Department of Tourism Regional Office I
1405,CADIZ EAST ELEMENTARY SCHOOL 1
1406,"BARANGAY GOVERNMENT UNIT OF PANGASCASAN, SUAL, PANGASINAN"
1407,Caduha-an National High School-Luna Extension High School
1408,ALIMATOC ELEMENTARY SCHOOL
1409,Philippine Science High School-Zamboanga Peninsula Region Campus
1410,Hon.P.R.Villena Mem\'l.Elem.School
1411,Philippine Science High School System - Office of the Executive Director
1412,Department of Tourism
1413,Cotcot Elementary School
1414,Environmental Management Bureau Region VI
1415,CITY GOVERNMENT OF TAYABAS
1416,National Irrigation Administration - Region XI
1417,Alingating Elementary School
1418,Tagbanon Elementary School
1419,Department of Agrarian Reform Provincial Office of Apayao
1420,CAVITE ECONOMIC ZONE-PEZA
1421,ALINGATING ELEMENTARY SCHOOL
1422,VICENTE PATEICIO MEMORIAL ELEMENTARY SCHOOL
1423,Vicente Patricio Memorial Elementary School
1424,City Govenment of Bacoor
1425,Provincial Government of Cotabato
1426,"Municipality of Polillo, Quezon"
1427,Local Government Unit of Tublay
1428,LGU-Caibiran
1429,"LGU, Santa Barbara, Iloilo"
1430,Development Bank of the Philippines
1431,City Government of Santiago City
1432,Sangay Elementary School
1433,BUREAU OF FIRE PROTECTION REGION IX
1434,"LGU-BOLJOON, CEBU"
1435,City Government of Bacoor
1436,ALIMATOC ELEMENTARY SCHOOL
1437,City Government of Bacoor
1438,Procurment Service - DBM
1439,"Sangguniang Kabataan ng Barangay 1 Carmona, Cavite"
1440,Local Government Unit of General Santos City
1441,PROVINCE OF CAGAYAN
1442,Maritime Industry Authority Regional Office VIII
1443,sangguniang kabataan ng brgy bancal
1444,"LGU- Culasi, Antique"
1445,PROCUREMENT SERVICE
1446,"Sangguniang Kabataan ng Barangay 5 Poblacion Carmona, Cavite"
1447,Caraga Regional Hospital
1448,"Local Government of Cabugao, Ilocos Sur"
1449,PROCUREMENT SERVICE
1450,LGU-PADRE BURGOS SOUTHERN LEYTE
1451,Sangguniang Kabataan ng Barangay Mabuhay Carmona Cavite
1452,BARANGAY 8 ROSARIO  CARMONA CAVITE
1453,Bases Conversion and Development Authority
1454,LGU GENMACARTHUR EASTERN SAMAR
1455,"BARANGAY GOVERNMENT UNIT OF PANGASCASAN, SUAL, PANGASINAN"
1456,BURGOS NATIONAL HIGH SCHOOL
1457,VICENTE PATRICIO MEMORIAL ELEMENTARY SCHOOL
1458,DOH CENTER FOR HEALTH DEVELOPMENT CALABARZON
1459,BaguioWaterDistrict
1460,"Municipal Government of Sariaya, Quezon Province"
1461,ANDRES BONIFACIO ELEMWNTARY SCHOOL
1462,MARITIME INDUSTRY AUTHORITY Central Office
1463,NATIONAL ECONOMIC AND DEVELOPMENT AUTHORITY REGION V
1464,"Barangay 12 Milagrosa, Carmona, Cavite"
1465,City of Balanga
1466,"LGU - UNISAN, QUEZON"
1467,"LGU - PITOGO, QUEZON"
1468,"Municipality of San Jose de Buenavista, Antique"
1469,"LGU Cabarroguis, Quirino"
1470,Las Pi\\u00c3\\u00b1as - Muntinlupa District Engineering Office
1471,DPWH - Tarlac 2nd District Engineering Office
1472,DPWH - Tarlac 2nd District Engineering Office
1473,DPWH - Tarlac 2nd District Engineering Office
1474,DILG Region XIII
1475,City Government of Bacoor
1476,DPWH REGIONAL OFFICE XII
1477,Mariano Marcos Memorial Hospital and Medical Center
1478,Office of Civil Defense Calabarzon
1479,"LGU San Narciso, Quezon"
1480,PROVINCIAL GOVERNMENT OF SOUTH COTABATO
1481,Sangguniang Barangay of Ilayang Polo
1482,MUNICIPALITY OF GENERAL MAMERTO NATIVIDAD
1483,FOREIGN SERVICE INSTITUTE
1484,LGU San Francisco
1485,National Police Commission - Central Office
1486,Employees\' Compensation Commission
1487,IFUGAO STATE UNIVERSITY
1488,Department of Tourism-Region 13
1489,PROTEGO GLOBAL RESOURCE
1490,Philippine Science High School - Central Visayas Campus
1491,Metropolitan Cebu Water District
1492,PHILIPPINE COAST GUARD
1493,"LGU City of Alaminos, Pangasinan"
1494,Local Government Unit of Rizal
1495,Bohol Island State University - Candijay Campus
1496,Sangguniang Kabataan ng Lantic
1497,Barangay Layong Mabilog
1498,Municipality of Pavia
1499,"Local Government Unit of Silago, Southern Leyte"
1500,"lgu-boljoon, cebu"
1501,CARLOS HILADO MEMORIAL STATE COLLEGE
1502,LGU-MALANGAS
1503,Department of Social Welfare and Development FO1
1504,Municipality of San Francisco Quezon
1505,City Government of Santiago
1506,"Municipality of Guinayangan, Quezon"
1507,Department of Public Works and Highways Quezon III DEO
1508,GSIS Tacloban Branch
1509,City Government of Lucena
1510,PROVINCIAL GOVERNMENT OF DAVAO DEL NORTE
1511,DPWH South Cotabato 2nd District Engineering Office
1512,PHILIPPINE NATIONAL POLICE - AVIATION SECURITY GROUP
1513,MUNICIPALITY OF BASILISA
1514,DSWD FO10
1515,MUNICIPALITY OF BASILISA
1516,MUNICIPALITY OF ALCANTARA
1517,Department of Agrarian Reform
1518,Sargan Medical Equipment and Supplies Trading
1519,LGU TIGBAUAN
1520,Philippine Navy Procurement Center
1521,Department of Agrarian Reform Provincial Office-Marinduque
1522,Department of Agrarian Reform
1523,Provincial Government of Dinagat Islands
1524,"LGU Pilar, Capiz"
1525,DEPARTMENT OF AGRARIAN REFORM
1526,Provincial Government of Dinagat Islands
1527,CITY LOCAL GOVERNMENT OF TABUK
1528,Department of Education- Division of Silay City
1529,LGU BURUANGA AKLAN
1530,EASTERN SAMAR STATE UNIVERSITY
1531,National Dairy Authority
1532,"Municipality of Catmon, Cebu"
1533,"Brgy. 12 Milagrosa Carmona, Cavite"
1534,DepED SDO BULACAN
1535,Bureau of Fire Protection Region IV-A CALABARZON
1536,LGU JORDAN
1537,Bureau of Fire Protection MIMAROPA Region
1538,DENR-ENVIRONMENTAL MANAGEMENT BUREAU RIII
1539,Department of Education - Schools Division of Bacoor City
1540,GSIS Tacloban
1541,SAN FRANCISCO WATER DISTRICT
1542,LGU-Bugasong
1543,Department of Agrarian Reform - Romblon
1544,City of Manila
1545,City of Manila
1546,City of Manila
1547,City of Manila
1548,Ci
1549,City of Manila
1550,Municipality of Nasipit
1551,DEPARTMENT OF AGRARIAN REFORM-Province of Occidental Mindoro
1552,"BRGY PANTIHAN 2, MARAGONDON, CAVITE"
1553,"Local Government Unit of Liloan, Southern Leyte"
1554,Municipality of Esperanza-LGU-Esperanza
1555,MUNICIPALITY OF VINCENZO SAGUN
1556,MUNICIPALITY OF VINCENZO SAGUN
1557,GSIS SORSOGON BRANCH OFFICE
1558,Cebu Port Authority
1559,Department of Agrarian Reform - Occidental Mindoro
1560,OFFICE OF THE PRESIDENT
1561,UP Diliman
1562,UP System
1563,"MUNICIPALITY OF SAN FRANCISCO, AGUSAN DEL SUR"
1564,Philippine National Police Highway Patrol Group
1565,DSWD FO10
1566,DEPARTMENT OF SOCIAL WELFARE AND DEVELOPMENT - NATIONAL CAPITAL REGION
1567,City Government of Batangas
1568,City Government of Batangas
1569,LGU - BILAR
1570,Municipality of Ginatilan
